precision,recall,f1-score,support
1.0,0.875,0.9333333333333333,8.0
1.0,0.9682539682539683,0.9838709677419354,63.0
1.0,0.9523809523809523,0.975609756097561,21.0
0.0,0.0,0.0,0.0
1.0,0.9230769230769231,0.9600000000000001,13.0
0.9322033898305084,1.0,0.9649122807017544,55.0
0.96875,0.96875,0.96875,0.96875
0.8220338983050848,0.7864519739519741,0.8029543896457639,160.0
0.9766949152542374,0.96875,0.9718032371940867,160.0
